,audio_path,ground_truth,transcription,inference_time,Semantic_Analysis
0,2024_07_09 10_31_30 NtuyGQ.wav,"I would like to order a Patty Melt without the bun and a Tuscan Gourmet cooked to a medium level, please.",I would like to order a patty melt without the bun and Tuscan gourmet cooked to a medium level please.,2.019942283630371,0.9946776377875628
1,2024_07_09 21_11_19 3yCioQ.wav,"May I get a small California salad with arugula and some Gilroy garlic tots, please?",May I get a small California salad with a rugula and some Gilroy garlic tots please.,0.435417890548706,0.9470693787137033
2,2024_07_12 03_34_50 Ap-fWA.wav,"""May I order the House Special Beef, and could you please add a side of Snow Peas to it?""","May I order a house special beef, and could you please add a side of snow peas to it?",10.426733255386353,0.997800798910133
3,2024_07_24 12_22_36 fNFdZw.wav,"Can I have a Buffalo Chicken Sandwich with a side of Curly Fries, and also could you please add an order of Onion Rings to that?",Can I have the buffalo chicken sandwich with a side of burdy fries and also could you please add an order of onion drinks to that?,0.5312378406524658,0.925216392865962
4,2024_07_10 09_55_57 x5sltA.wav,"""I would like to order a Hawaiian Pizza with Parmesan Bagel and another one with Jalapeño Bagel, please.""","I would like to order a Hawaiian pizza with charmajal bakers, and another one with alpaca bakers.",0.467653751373291,0.8882976705522941
5,2024_07_11 00_17_17 EuE5pQ.wav,"I would like to order some spicy chicken wings, and could you please add a side of fresh spinach as well? Thank you.",I would like to order some spicy chicken wings and could you please add a side of fresh spinach as well. Thank you.,0.4520456790924072,1.0
6,2024_07_13 20_39_29 1SBf5g.wav,"Could I please have a plate of ham and eggs served with fresh fruit on the side, as well as another one on whole grain wheat bread? Thank you.","Could I please have a plate of ham and eggs served with fresh fruit on the side, as well as another one whole grain wheat bread? Thank you.",0.6060402393341064,0.9981248628940611
7,2024_07_15 16_25_07 Q-7aJQ.wav,"""May I order a personal-sized House Salad?""",May I order personal size house salad?,0.2508082389831543,0.987535794274087
8,2024_07_15 16_15_31 ZsEMDQ.wav,"Can I order a plate of ham and eggs served on an English muffin, as well as another one with the same dish but accompanied by corn tortillas?","Can I order a plate of ham and eggs served on the English muffin, as well as another one with the same dish but accompanied by corn potillas?",30.63130784034729,0.9815842376238726
9,2024_06_28 12_20_04 1yAY7A.wav,"One Pozole with Flour Tortilla, Filete Empanizado with Blue Cheese, and Quesadillas De Harina for me.","One pozole with flour tortilla, filete empanizado with blue cheese, and quesadillas di jarina for me.",0.4831678867340088,0.9886213684245355
10,2024_07_15 16_20_53 zYuDCw.wav,"May I please have a Nashville Hot Tender Box with three Nashville hot chicken tenders, as well as the Bruschetta topped with Tuscan beans and sun-dried tomatoes?","May I please have a Nashville hot tender box with free Nashville hot wings tenders, as well as a brochetta topped with Tuscan beans and sun dried tomatoes.",0.7205460071563721,0.925098752479534
11,2024_07_09 10_05_32 4bVTHg.wav,"I need a bowl of Pozole served with crispy corn tortillas on the side, and for my main course, I would like a Filete Empanizado also accompanied by some freshly made corn tortillas. Thank you!","I need a bowl of puzzoli served with crispy corn tortillas on the side, and for my main course I would like a fillet and panizzaro also accompanied by some freshly made corn tortillas, thank you.",0.8522763252258301,0.9005432379876824
12,2024_07_15 19_51_09 3Foa2Q.wav,"Can I order a house salad, one dressed in Caesar and another with Thousand Island?","Can I order house salad, one dressed in caesar and another with Thousand Island?",0.3572704792022705,0.998208016641673
13,2024_07_11 00_18_13 3wAUVg.wav,"Do you have a Fowl Italian dish served with sweet rolls, and could I also get the Parmigiana Sandwich accompanied by some delicious sausage links? Thank you!",They have a whole Italian dish served with sweet ones and could I also get a Parmigian sandwich accompanied by some delicious sweeteners they have.,0.6593315601348877,0.8234881456357398
14,2024_07_10 12_19_17 FSCp3w.wav,"Can you bring me a plain tri-tip, please? And for the November Special, could I have it with wheat rolls? Thank you!",Can you bring me plain tiltrip please and for the lump special card i have it with willie trolls thank you.,30.54915261268616,0.7126811452698646
15,2024_07_04 06_29_38 Izfx2Q.wav,"Could you add the Side Avocado, and Triple Chocolate?",Then you add the side avocado and triple chocolate.,0.3063650131225586,0.9471939885684696
16,2024_07_09 09_46_01 E-d4lw.wav,"I would like to try the Beyond Chicken Sandwich Combo with a Buffalo twist, and also the Swai Meal prepared Fajita style. Thank you!",I would like to try the blonde chicken sandwich combo with a buffalo twist and also the sweet meal prepared pajita straw. Thank you.,0.5500681400299072,0.9019086876893297
17,2024_07_12 03_36_48 P_F2dg.wav,"I will have the ham and eggs on rye toast, please, along with a side of hash browns. And for my second order, could I also get another serving of ham and eggs but prepared over medium? Thank you!","I will have the ham and eggs on rye toast, please, along with a side of hash browns, and for my second order, could I also get another serving of ham and eggs, but prepared over medium? Thank you.",5.814048528671265,1.0
18,2024_07_09 09_24_15 Ud57cA.wav,Could you please serve me a turkey sandwich with cottage cheese on it?,Could you please serve me a turkey sandwich with cotton cheese on it?,0.3368842601776123,0.9065325324050248
19,2024_07_09 19_01_30 jpD6Vw.wav,"May I get a Patty Melt on a bagel and also, could you please prepare another one with a wheat bun? Thank you.","May I get a patty mouth on a bagel, and also could you please prepare another one with a wheat bun, thank you",0.4473774433135986,0.9346851122579821
20,2024_07_09 10_23_13 mPlfgQ.wav,"Could I please have a hot dog topped with Shirley Temple sauce, and on the side, could you also bring me some chocolate milk? Thank you!","Could I please have a hot dog topped with Shirley Temple sauce, and on the side could you also bring me some chocolate milk? Thank you.",0.5977456569671631,1.0
21,2024_06_28 11_23_03 hEN1IQ.wav,"Could I get a Canadian Bacon, and Super Nachos with veggies?",Could I get a Canadian bacon and super nachos with veggies?,0.316115140914917,1.0
22,2024_07_11 00_06_13 QTEDDg.wav,May I please have a B.L.T. sandwich with the addition of white cheddar mac and cheese on the side? Thank you!,May I please have a BLT sandwich with the addition of white cheddar mac and cheese on the side? Thank you.,0.4609689712524414,1.0
23,2024_06_28 11_42_49 JayBxQ.wav,"I'll have a Sizzinling Beef With Black Pepper Sauce, Hunan Chicken (Spicy), and Pork Chop Sui.","I'll have a sizzling beef with black pepper sauce, hunan chicken spicy and pork chop sweet.",0.4451801776885986,0.9701651765038724
24,2024_07_15 16_13_15 8BixZQ.wav,"""I will have a classic Patty Melt, and could you please add some crispy potato chips on the side?""","I will have a classic pattern out, and could you please add some crispy potato chips on the side?",0.4133138656616211,0.8534471989889851
25,2024_07_15 16_21_50 bUHFBA.wav,"I would love to start my meal with a delicious turkey sandwich, one without any sprouts and another on an egg bagel. Could you please prepare those for me?","I would love to start my meal with a delicious turkey sandwich, one without any sprouts and another one on egg bagel. Could you please prepare those for me?",0.6473584175109863,0.9994077097582119
26,2024_07_09 09_26_31 uXLE2Q.wav,"Please give me the Beyond Chicken Sandwich Combo with BBQ sauce, and also add a Surf 'n Turf featuring Cod. Thank you!",Please give me the Beyond Chicken Sandwich Combo with barbecue sauce and also add a serve and turf feature card. Thank you.,0.5814642906188965,0.9101568066517616
27,2024_07_15 19_35_02 n6_VlA.wav,"I need a perfectly cooked Petrale Sole, and for my appetizer, I would like to try the Dragon Roll. Could you please make sure they are both prepared with care? Thank you!","I need a perfectly cooked petral sole, and for my appetizer I would like to try the dragon roll. Could you please make sure they are both prepared with care? Thank you.",0.684112548828125,0.9914488713726518
28,2024_06_28 11_12_40 DbcADQ.wav,"Add a Seekh Kebab, and Tandoori Chicken with Large 14"" to my cart.",Add a safe cover with the reefing with fourteen inch large to my cart.,0.3669939041137695,0.6339697722895334
29,2024_07_09 10_03_35 fysiOg.wav,"Could you please serve me a cheeseburger, one topped with tangy blue cheese and another featuring classic American cheese? Thank you.",Could you please serve me a cheeseburger with one top with tangy blue cheese and another featuring classic American cheese? Thank you.,0.5465264320373535,0.9907679970619834
30,2024_07_09 10_05_41 fxSRjg.wav,"""I would appreciate a large Reuben sandwich made with milk.""",I would appreciate a large Reuben sandwich made with milk.,0.3314352035522461,1.0
31,2024_07_15 16_25_45 67yegg.wav,"Do you have a Gorgonzola cheese selection on your menu, preferably served atop a freshly baked wheat bread base?",Do you have a gourgonzola cheese selected on your menu? Prefer to serve a top of fresh baked wheat bread base.,0.5468144416809082,0.9451291454991877
32,2024_07_30 02_01_44 Vzukvg.wav,"I would like to order a classic hamburger, but instead of the usual bun, I would love it served on a warm, flaky biscuit with some savory gravy on top. Thank you!","I would like to order a classic hamburger, but instead of a usual bun I would love it served on a warm, flaky biscuit with some savory gravy on top. Thank you.",0.733834981918335,0.999649582898045
33,2024_07_09 18_53_55 79ej3Q.wav,"I need a B.L.T. sandwich paired with a freshly brewed cup of coffee, and on the side, could I also get some garlic-seasoned sliced turkey? Thank you!",I need a BLT sandwich paired with a freshly brewed cup of coffee and on the side could I also get some garlic seasoned sliced turkey? Thank you.,5.600069284439087,0.9948340715530061
34,2024_07_11 00_43_00 EuduYQ.wav,"Could I get a hamburger with extra mayo on the side, and please make sure there's no tomato in it? Thank you!",Could I get a hamburger with extra mayo on it and please make sure there's no tomato in it? Thank you.,0.4282295703887939,0.9952453105250075
35,2024_07_23 15_00_39 JP3Oaw.wav,May I please have a classic ham and eggs breakfast served alongside an assorted fruit plate?,May please have a classic ham and eggs breakfast served alongside an assorted frozen plate.,0.4103436470031738,0.9325744120608991
36,2024_07_07 17_40_59 Pjtm0g.wav,"I will take a Super Quesadilla, please, but instead of the usual ingredients, could you make it with breaded beef as used in your Tortas? I think that combination sounds delicious!","I will take a super casserolia please, but instead of the usual ingredients could you make it with breaded beef as used in your tortas? I think that combination sounds delicious.",0.6883370876312256,0.9391193262109676
37,2024_06_28 11_47_22 YhiDbA.wav,"I'll have the Cheese Omelette with Toast, and Side Avocado please.","I will have the cheese omelette with toast and sad avocado, please.",0.3489460945129394,0.9550672319206716
38,2024_07_30 02_06_01 jtMoUA.wav,"Can I order a surf and turf with a side of quinoa, about 4 oz in size, along with a hearty cheeseburger accompanied by some loaded garlic mashed potatoes?","Can I order a surf and turf with a side of quinoa, about four ounces in size, along with a hearty cheeseburger accompanied by some loaded garlic mashed potatoes?",0.6690711975097656,0.997963543639873
39,2024_07_24 12_10_57 p-vibA.wav,"I want to order a chimichanga made with delicious corn tortillas, please.",I want to order a chimichanga made with delicious corn turkey as peas.,30.395581483840942,0.9214741216499814
40,2024_07_12 03_43_18 bpivlw.wav,"I would like to try the Camarones Rancheros served on a crispy corn tortilla, and also could I get a Tostada with some savory refried beans?","I would like to try the Cameroon's Rancheros served on a crispy corn tortilla, and also could I get a tostada with some savory refried beans.",0.6177675724029541,0.930067004812801
41,2024_07_12 03_39_36 wTgwsQ.wav,"""I would like to start off my meal with a bowl of the Chef's Soup of the Day, please.""","I would like to start off my meal with a bowl of chef soup of the day, please.",0.3389506340026855,0.9902772220156578
42,2024_07_09 10_06_28 RXv72w.wav,"I will have a cheeseburger with jalapeno sweet heat slaw and a hamburger served on bruschetta avocado toast, please.",I will have a cheeseburger with jalapenos sweetheat slaw and a hamburger served on a bruschetta cardotoast piece.,0.5179219245910645,0.9322513843551312
43,2024_07_12 03_23_16 Ze0w1g.wav,"May I order a cheeseburger topped with creamy avocado and melted cheddar, please?","May I order a cheeseburger topped with creamy avocado and melted cheddar, please.",0.3987975120544433,1.0
44,2024_07_11 00_32_58 5uRkzQ.wav,"""I will have a hot dog served with an ice-cold refreshing iced tea, and for my second dish, I would like some cheese curds without any sauce.""","I will have a hot dog served with an ice cold refreshing iced tea, and for my second dish I would like some cheese curds without any sauce.",0.5344369411468506,0.9956726494314393
45,2024_07_09 10_23_39 6553CA.wav,"I need a hamburger with yellow mustard and a hot dog that's not split open, please.","I need a hamburger with yellow mustard and a hot dog, let's not split it open, please.",30.472404956817627,0.9774558122006619
46,2024_07_15 16_22_59 kHYpVA.wav,"Could I get a delicious lasagna topped with rich, flavorful marinara sauce?",Can I get a delicious lasagna topped with rich flavourful Mariana sauce?,0.3415341377258301,0.9083749745356109
47,2024_07_30 02_04_03 lGDXAg.wav,"I would love to order a Denver Omelet served with one delicious pancake on the side, please.","I would love to order a Denver omelet served with one delicious pancake on the side, please.",0.3954846858978271,0.9999999803651836
48,2024_07_15 19_43_19 24Dxew.wav,"May I order a half portion of the Tandoori Chicken prepared in a milder spice blend, please?","May I order a half portion of Tandoori chicken prepared in a milder spice blend, please?",0.3850407600402832,0.9979993216731395
49,2024_07_14 05_49_01 _yveww.wav,"May I get the Plant-Based Nuggets Meal, please? Could you add some red bell peppers to it for an extra crunch and flavor? Thank you.","May I get the plant based nugget meal, please? Could you add some red bell peppers to it for an extra crunch and flavor, thank you.",5.519905090332031,0.9876912950871215
50,2024_07_18 11_38_05 tVRNIA.wav,May I please have a classic cheeseburger accompanied by a side of crispy French fries? Thank you!,May I have a classic cheeseburger accompanied by the side of crispy French fries? Thank you.,0.4271411895751953,0.9959171625143408
51,2024_07_07 17_47_29 3KoD3A.wav,Could you please serve me a Torta Mexicana with Barbacoa filling? Thank you!,Could you please serve me a torta Mexicana with barbecue filling? Thank you.,0.4407510757446289,0.9562067274541766
52,2024_07_18 07_56_37 l-EmFA.wav,"""May I please have a full serving of the antipasto salad and a half portion of Peking Duck?""",May I please have a full serving of the antipesto salad and a half portion of pecking duck?,0.3927419185638428,0.9143812619526623
53,2024_07_14 06_40_34 OkbEhA.wav,"May I get a pepperoni pizza with BBQ sauce on the side, please? Just a touch of light dressing would be perfect.","May I get a pepperoni pizza with barbecue sauce on the side, please? Just a touch of light dressing would be perfect.",0.4903843402862549,0.9827866920344533
54,2024_07_24 13_19_45 VBoUBg.wav,"Could I get the Huevos Rancheros basted, please? Thank you!","Could I get the Huevos Rancheros basted, please thank you.",0.3040719032287597,1.0
55,2024_07_14 21_03_31 zXT4yQ.wav,"Can I have a cheeseburger, please? Just the sandwich as my entree without any sides or extras. Thank you!","Can I have a cheeseburger please? Just a sandwich as my entry, without any sides or extra thank you.",0.4646956920623779,0.9736386262276431
56,2024_07_30 02_14_06 3oNUpA.wav,Please give me a delicious turkey sandwich accompanied by some savory garlic fries on the side. Thank you!,Please give me a delicious turkey sandwich accompanied by some savory garlic fries on the side. Thank you.,0.4286918640136719,1.0
57,2024_07_08 06_23_16 VtV9aA.wav,"I would like to try the Country Sausage and Eggs on a Wheat Toast, please. Thank you!","I would like to try the country sausage and eggs on a white toast, please, thank you.",0.4422090053558349,0.9686195838555973
58,2024_07_10 09_54_43 qJIE1Q.wav,"I would love to order a delicious pastrami sandwich on whole wheat bread, please.",I would love to order delicious pastrami sandwich on whole wheat bread please.,0.3488702774047851,0.9988171752220257
59,2024_07_15 19_34_16 -6F8ZA.wav,"May I get a plate of delicious Saag Gosht served with warm, freshly baked Nan bread on the side? And for my drink, could you please bring me a Space Dust IPA to complement the flavors? Thank you.","May I get a plate of delicious sagosh served with warm freshly baked nan bread on the side, and for my drink could you please bring me a space dust ipa to compliment the flavors? Thank you.",0.6983087062835693,0.9765604024416425
60,2024_06_28 11_15_20 MGwfpQ.wav,"Can I get the Butter Chicken with Large 14"", and Gulab Jamun, please?",Can I get buttered chicken with flour spot in it and will have jamming please?,0.3378214836120605,0.7736001883996806
61,2024_07_30 02_16_22 6dQkeg.wav,"I want to order the Surf 'n Turf, but instead of the usual sides, I would like it served with a generous portion of quinoa - let's make that an 8-ounce double serving if possible.","I want to order the serf and turf, but instead of the usual sides I would like it served with a generous portion of quinoa. Let's make that an eight ounce double serving, if possible.",0.6595568656921387,0.9091773773643183
62,2024_07_09 10_30_46 36P_rQ.wav,"I would like to order a delicious piece of grilled salmon, and for my side dish, I would love some creamy white clam chowder in a cup. Thank you!",I would like to order a delicious piece of grilled salmon and for my side I would love some creamy white clam chowder in a cup. Thank you.,0.5079472064971924,0.9907047766876
63,2024_07_16 16_37_06 WJB4Lg.wav,"I would like to order a cheeseburger accompanied by a side of mozzarella sticks, please.","I would like to order a cheeseburger accompanied by a side of mosaic elastics, please.",0.4563133716583252,0.8717421472822358
64,2024_07_24 13_10_54 rd9xGQ.wav,"I would like to try a medium-sized Chicken Caesar Salad with the classic Caesar dressing, please.",I would like to try a medium sized chicken caesar salad with the classic caesar dressing piece.,0.4012751579284668,0.9842736845866914
65,2024_07_30 01_58_10 GLjSQg.wav,"May I get a California Benedict with an addition of cottage cheese, and please make sure there are no hash browns included.",May I get a California Benedict with an addition of cottage cheese and please make sure there are no hash browns included.,5.502748489379883,0.999999985437757
66,2024_07_09 10_59_28 0O3Eag.wav,"Can I order a delicious Patty Melt accompanied by some crispy Sweet Potato Fries on the side, please?","Can I order a delicious pet melt, accompanied by some crispy sweet potato flies on the side, please?",0.4305672645568847,0.8534945693780428
67,2024_07_11 01_01_40 wIZ-IA.wav,"""I would appreciate a hot dog without any mustard on it.""",I would appreciate a hot dog without any mustard on it.,0.2926878929138183,1.0
68,2024_07_11 00_43_34 lXXfCA.wav,"""I would love to order a plate of Spaghetti Con Polpette, and could you please add the Side Bolognese Sauce on the side?""",I would love to order a plate of spaghetti con popolette and could you please add the side bolognese sauce on the side?,0.4586966037750244,0.9658507179732283
69,2024_07_11 00_47_43 Bsl6zg.wav,"I want to order a sandwich with a juicy white-slice turkey, layered with fresh lettuce and tomatoes on whole grain bread.",I want to order a sandwich with a juicy white sliced turkey layered with fresh lettuce and tomatoes on whole grain bread.,0.4952216148376465,0.9863540442286686
70,2024_07_11 00_34_29 HfXzmA.wav,"May I get a chimichanga topped with chile colorado, please?",May I get a shimichanga topped with chili Colorado please?,25.370814085006717,0.9024091432971311
71,2024_06_28 11_22_28 JjhJVA.wav,"Make it a Fish Quesadilla with Mild Sauce, Enchiladas De Mole with Soup cup, and Horchata with Small for me.",Make it a fish quesadilla and mild sauce and enchiladas de mole with soup cup and horchata with small for me.,0.4762160778045654,0.9971092459325993
72,2024_07_09 09_21_17 5L0OQQ.wav,"I would like to start my meal with a classic ham and eggs dish, but I would love it served alongside an indulgent side of oatmeal brulee. Could you please prepare that for me?","I would like to start my meal with a classic ham and eggs dish, but I would love it served alongside an indulgent side of oatmeal brulee. Could you please prepare that for me?",0.7089641094207764,0.9999999827359778
73,2024_07_09 18_56_52 0xXW1A.wav,"May I order a Patty Melt with a Sub Turkey Patty and on the side, could I also have a Cup of Chili? Thank you.","May I order a patty melt with a sub turkey patty, and on this side could I also have a cup of chili? Thank you.",0.4956834316253662,0.9975237127183839
74,2024_07_30 02_13_50 1Ig7qw.wav,"Can you bring me a veggie scramble with no side, and also another one on rye toast? Thank you!",Can you bring me a veggie scramble with no side and also another one on rye toast? Thank you.,0.4162585735321045,0.9999999818560276
75,2024_07_12 03_22_23 HJx7Pw.wav,"May I order a pastrami sandwich on rye bread, topped with Swiss cheese and served with a side of raisin nut roll?","May I order a pastrami sandwich on rye bread, topped with Swiss cheese, and served with a side of raisin nut roll?",0.5171244144439697,0.9999999862969895
76,2024_07_30 02_21_58 ejpBMg.wav,"I want to order a Buffalo Chicken Sandwich with Marinara Dip, and also please prepare it as a full meal.",I want to order a buffalo chicken sandwich with a marinara dip and also please prepare it as a full meal.,30.52374005317688,0.9994709423903527
77,2024_07_11 00_25_52 4av_6Q.wav,"I will take a turkey sandwich on rye bread, please.","I don't need it right now. I will take a turkey sandwich on rye bread, please.",0.3810019493103027,0.891955053985454
78,2024_07_11 00_12_38 jd9y7A.wav,"May I get a delicious salami sandwich served on a fresh, crispy onion roll?","May I get a delicious salami sandwich served on a fresh, crispy onion roll?",0.3595283031463623,0.9999999914929465
79,2024_07_14 06_40_06 7_6Uww.wav,"I would like to order a bottle of Caposaldo Chianti, please. No additional modifiers needed for the wine tonight.","I would like to order a bottle of caposaldo shuati, please, no additional modifier needed for the wine tonight.",0.4762673377990722,0.9654678373137637
80,2024_07_12 03_44_56 Om_Ggw.wav,"I want to order a classic ham and eggs dish served on warm, crusty sourdough toast. Additionally, I would love another serving of the same with a side of fluffy buttermilk biscuits smothered in savory sausage gravy.","I want to order a classic ham and eggs dish served on warm crusty sourdough toast. Additionally, I would love to have another serving of the same with a side of fluffy buttermilk biscuits smothered in savory sausage gravy.",0.9719157218933104,0.9988644919272774
81,2024_07_09 12_55_47 KSl-EQ.wav,"I will take the New York Steak and a bowl of Minestrone Soup, please.",I need a ten ounce savoy meal and I need a an eleven ounce savoy meal please. Could you also recommend any side dishes that would fare well with these? Thanks.,5.69106650352478,0.6667308601986287
82,2024_07_11 00_27_20 2qrULw.wav,"I would like to try the grilled salmon served over a fresh salad, and I would prefer it if you could add some creamy ranch dressing on top. Thank you!",I would like to try the grilled salmon served over a fresh salad. I would prefer if you could have a salad.,0.4644913673400879,0.9213879174778121
83,2024_07_12 03_28_44 k60ezQ.wav,Could I get a hamburger with side yellow mustard and another one served with cherry berry crepes?,"Could I get a hamburger with side yellow mustard, and another one served with cherry berry crepes?",0.4287862777709961,0.9999999985024766
84,2024_07_12 03_24_47 2sNDeg.wav,"May I order a super quesadilla without any salsa, please?",May I order a super quesadilla without any salsa please?,0.3085384368896484,0.9999999825930026
85,2024_07_30 02_03_19 hVeuOQ.wav,"""May I get a Patty Melt with a side of onions, please?""","May I get a patty melt with a side of onions, please?",0.2910671234130859,0.9999999864858337
86,2024_07_11 01_02_13 TH4n1Q.wav,"I would like to order a BLT sandwich, but instead of the usual bacon, could you please substitute it with some fresh and healthy vegetables? Also, for my second item, I would love a turkey sandwich on sourdough bread. Thank you!","I would like to order a BLT sandwich, but instead of the usual bacon, could you please substitute it with some fresh and healthy vegetables? Also, for my second item, I would love a turkey sandwich on sourdough bread. Thank you.",0.9490585327148438,1.0
87,2024_07_23 14_57_07 8ykxIQ.wav,May I get the California Fries without any additional modifiers? Thank you!,May I get the California fries without any additional modifiers? Thank you.,0.3424997329711914,1.0
88,2024_07_24 06_25_09 2P06gQ.wav,"Can I have a plate of yellowtail sashimi, please? Seven pieces would be perfect. Thank you!",Can I have a plate of yellow tailed sashimi please? Seven pieces would be perfect. Thank you.,0.4630510807037353,0.986549983118202
89,2024_07_24 06_22_32 JNb7bA.wav,Can you bring me a Turkey Everything Bagel sandwich?,Can you bring me a turkey everything bagel sandwich,0.2891600131988525,0.9999999794473462
90,2024_07_12 03_24_03 6r-oxw.wav,"Can I have a hamburger with two fried eggs on top, please?","Can I have a hamburger with two fried eggs on top, please?",0.3347499370574951,0.9999999855076074
91,2024_07_12 03_39_50 QjE58w.wav,"Can I order a turkey sandwich with crispy fries on the side, please?",Can I order a turkey sandwich with crispy fries on the side please?,0.3435721397399902,0.9999999995176048
92,2024_07_07 17_47_50 GDtXtQ.wav,"I would love to start with the whole steamed seabass, served without any additional ingredients (nan), followed by a bowl of sweet and sour catfish soup. Thank you!","To start with the whole steamed sea bass, served without any additional ingredients, followed by a bowl of sweet and sour catfish soup. Thank you.",0.5918605327606201,0.9209093874600015
93,2024_07_14 06_41_49 MDSDsA.wav,"Please give me the Lamb Rogan Josh and Saag Corn, both without any additional modifiers. Thank you!","Please give me a lamb roger, yosh, and sag corn, both with additional modifying, thank you.",0.4190337657928467,0.8400003519260976
94,2024_07_08 05_03_41 nsn0bg.wav,"I will have the spicy chicken wings, one order with a generous sprinkle of green peppers and another doused in zesty picante sauce. Thank you!",I will have the spicy chicken wings one order with a generous sprinkle of green peppers and another dalziel zesty picanta sauce. Thank you.,0.5951137542724609,0.9709592508031386
95,2024_07_24 00_56_15 mgGXdQ.wav,"I would like some bruschetta topped with a delightful combination of creamy hummus, ripe tomatoes, and fresh avocado slices.","I would like some rochetta topped with delightful combination of creamy hummus, ripe tomato, and fresh avocado slices.",0.5050437450408936,0.9282589829549882
96,2024_07_09 10_23_56 elzJFw.wav,"Do you have a New York Cheesecake served without any plasticware, and could I also get some sliced salami on wheat bread? Thank you.","Do you have a New York cheesecake served without any plastic wire, and could I also get some sliced slammy on wheat bread? Thank you.",0.5180926322937012,0.9098078164426708
97,2024_07_15 18_13_42 34O1Iw.wav,"May I get a Patty Melt cooked to medium rare, please?","May I get a patty melt cookie to medium rare, please?",5.310121297836304,0.9240097655165308
98,2024_07_09 10_25_49 l-F5qQ.wav,"Could you please serve me a Swai Meal with half a serving of Red Potato Mash, and also the Surf 'n Turf accompanied by another half serving of Red Potato Mash? Thank you.",Could you serve me a soy meal with half a serving of red potato mash and also the surf and turf accompanied by another half serving of red potato mash? Thank you.,0.5653982162475586,0.9274334154932208
99,2024_07_11 00_08_44 YAAfPA.wav,"Can I have a Chicken Caesar Salad, but please make sure there are no anchovies in it? Also, could you confirm that the dressing doesn't contain any ice cream? Thank you.","Can I have a chicken caesar salad, but please make sure there are no anchovies in it. Also, can you reconfirm the dressing doesn't contain any ice cream? Thank you.",0.6184072494506836,0.9980182976461696
100,2024_07_30 01_59_33 D6PiCg.wav,"May I please have a plate of boneless wings, half coated in ranch and the other half served plain? Thank you.",May I please have a plate of boneless wings half coated in ranch and the other half served plain. Thank you.,0.427490234375,0.9999999861341206
101,2024_07_11 00_54_35 P-82DQ.wav,"""I would love to order a Chef's Salad, but could you please serve it in a full pan? That way I can enjoy every bit of the fresh ingredients.""","I would love to order a chef's salad, but could you please serve it in a full pan? That way I can enjoy every bit of the fresh ingredients.",25.634258270263672,0.9999999873898032
102,2024_07_09 10_01_51 IMoOgw.wav,"I would love to order a Hawaiian Pizza on a Honey Corn Bagel, please!","I would love to order a Hawaiian pizza on a honeycomb bagel, please.",0.3695523738861084,0.9611780369242161
103,2024_07_18 07_55_01 GXr_7w.wav,"I would like to try a hamburger served on a brioche French toast base, please.","I would like to try a hamburger served on a brioche French toast base, please.",0.3655622005462646,1.0
104,2024_07_09 10_22_09 Li6kDg.wav,"Can I order a six-pack of BJ's Brewhouse Blonde, and also add a six-pack of BJ's Committed Double IPA to my selection? Thank you.",Can I order a six pack of Bejes Bluehouse Plan and also add a six pack of Bejes Committed Double IPA to my selection? Thank you.,0.5391750335693359,0.9119470480630911
105,2024_07_30 02_15_45 wCR27w.wav,"Can I order a pastrami sandwich on a French roll and another one on wheat bread, please?",Can I order a pastrami sandwich on a French roll and another one on wheat bread please?,0.39300537109375,1.0
106,2024_07_30 02_22_37 SW3A6w.wav,"""I will have a Reuben sandwich and a refreshing glass of lemonade, please.""","I will have a Ruben sandwich and a refreshing glass of lemonade, please.",0.3330402374267578,0.9485853019079009
107,2024_07_11 00_12_21 lF0VQg.wav,"May I order a California Benedict served with French fries, and also a BLT sandwich with a side of small milk?",May I order a California Benedict served with french fries and also a B. L. T. with a side of small milk,30.53372025489807,0.9674064252309579
108,2024_07_09 10_25_35 lrJnqg.wav,"Can you bring me a classic American-style cheeseburger, please?","Could you bring me a classic American style cheeseburger, please?",0.3133807182312011,0.9931083004075529
109,2024_07_30 02_20_26 9hxCsg.wav,"Can I have the Surf 'n Turf served with a side of Cinnamon Sweet Potato Mash, please? Four ounces would be perfect.",Can I have the Surf and Turf served with a side of cinnamon sweet potato mash please? Four ounces would be perfect.,0.4912304878234863,0.9920812441796467
110,2024_07_15 16_21_09 IbmVzQ.wav,"I would like a hamburger without cheese and an extra-large fries on the side, please.","I would like a hamburger without cheese and an extra large fries on the side, please.",0.3761703968048095,0.9866706049247115
111,2024_07_14 06_43_18 cxWCBg.wav,"I would love to order a delicious hamburger, and I would like it served with a side of crisp salad tossed in thousand island dressing. Thank you!",I would love to order a delicious hamburger and I would like it served with a side of crisp salad toasted in a thousand Iceland dressing. Thank you.,0.5950686931610107,0.951343170951377
112,2024_07_09 18_51_55 NWrxvg.wav,"Could I have a California sandwich on sliced multigrain bread, and also a small house salad to accompany it?",Can I have a California sandwich on sliced multigrained bread and also a small house salad to accompany it?,0.4487855434417724,0.996208236638401
113,2024_07_01 07_41_15 nqEkaA.wav,"I would like to get a Chicken Teriyaki with Blue Cheese, and Salmon Teriyaki.",I would like to get a chicken teriyaki with blue cheese and salmon teriyaki.,5.461733341217041,1.0
114,2024_06_28 12_20_04 Bb0vMg.wav,"It will be the Cheese (King Kong), Dominga Mimosa Sour, and Barebottle Can for me.","King Kong, Dominguez, Minosaurs, or Victor Cook, can for me.",0.3489251136779785,0.677308740780283
115,2024_07_24 06_24_43 vXZFwA.wav,"I need a California sandwich on sliced rye bread and a side of pozole soup, please.",I need a California sandwich on sliced rye bread and a side of bozo soup please.,0.3913400173187256,0.9645577892287927
116,2024_07_08 06_26_34 rZTm6w.wav,"""I would love to start off my meal with a side of garlic butter edamame and a delightful bowl of fruit alongside the mini breakfast.""","I would love to start off my meal with a slice of garlic, bitter, adamame, and a delightful bowl of fruit alongside the mini breakfast.",0.557563066482544,0.9254046535685865
117,2024_07_09 09_40_46 Gt-v1w.wav,Could you please serve me a chimichanga with ranch dressing on one side and another chimichanga topped with steak? Thank you.,Could you please serve me a chimichanga with ranged dressing on one side and another chimichanga top with steak? Thank you.,0.467348575592041,0.9745173853128629
118,2024_07_30 02_09_11 8u8wqg.wav,"May I please have a Shrimp Tempura Hand Roll and also, could you add the Green Monster Roll to my order? Thank you.",May I please have a shrimp tempura hand roll and also could you add the green monster roll to my order? Thank you.,0.4687161445617676,0.9999999893388969
119,2024_07_12 03_33_52 1oK9Fw.wav,"Can you bring me a regular burrito with asada and also, I would like to have the Torta Mexicana prepared with steak. Thank you!","Can you bring me a regular burrito with asada, and also I would like to have the torta Mexicana prepared with steak? Thank you.",0.6395049095153809,0.9999999962338815
120,2024_07_09 09_43_24 Er3edw.wav,"Could I get a hamburger with freshly sliced tomatoes on top, please?","Could I get a hamburger with freshly sliced tomatoes on top, please?",0.3497889041900635,0.9999999973845853
121,2024_07_18 08_46_15 bNgvAg.wav,"I need a large bowl of Wor Won Ton Soup to start off my meal, please.","I need a large bowl of Warwanton soup to start off my meal, please.",0.3468575477600097,0.9402613306844851
122,2024_07_11 01_03_28 iLP9lA.wav,"Can I have the Swai Meal with a side of standard-serving, 4 oz Red Potato Mash? Also, could you please add the Surf 'n Turf dish to my order along with another portion of the same red potato mash on the side.","Can I have this white meal with a side of standard serving four ounce red potato mash? Also, could you please add the surf and turf dish to my order, along with another portion of the same red potato mash on the side?",0.8734986782073975,0.9370296123317957
123,2024_07_30 02_19_59 CaxyVg.wav,"Please give me a delicious Patty Melt accompanied by some refreshing Sweet Tea, and also add an appetizing Country Skillet with Scrambled eggs on the side. Thank you!","Please give me a delicious patty melt accompanied by some refreshing sweet tea, and also add an appetising country skillet with scrambled eggs on the side. Thank you.",0.6333839893341064,0.9981979361728235
124,2024_07_11 02_48_12 rTG_LA.wav,"Can I order a delicious breakfast of ham and eggs, served with a delightful side of bananas and cream?",Can I order a delicious breakfast of ham and eggs served with a delightful slide of banana and cream?,0.4754304885864258,0.9790009247676877
125,2024_07_18 21_14_02 QSWufQ.wav,May I please have a Chicken Caesar Salad with Vinaigrette dressing on the side? Thank you.,May I please have a chicken caesar salad with vinaigrette dressing on the side? Thank you.,0.4671304225921631,1.0
126,2024_07_11 00_23_39 agYHeA.wav,I will take the Plant-Based Nuggets Meal with a side of 4 oz Quinoa.,I will take the plant based nugget meal with a side of four ounce quinoa.,0.3658852577209472,0.9837625688707233
127,2024_07_09 10_22_28 ivc3qQ.wav,"I need a plant-based nuggets meal with steamed broccoli and another one with sautéed zucchini on the side, please.","I need a plant based nugget meal with steamed broccoli and another one with sausage zucchini on the side, please.",0.4621131420135498,0.9681887373558716
128,2024_07_09 09_45_49 monrHA.wav,"""I need a turkey sandwich with extra pickles, and another one with fresh lettuce on the side.""","I need a turkey sandwich with extra pickle, and another one with fresh lettuce on the side.",0.4270718097686767,0.997845617019228
129,2024_07_09 18_59_47 rkNa3A.wav,"May I please have the Swai Meal, served with a side of steamed white rice at 5 oz? Thank you.",May I please have the soy meal served with a side of steamed white rice at five ounces? Thank you.,5.445666074752808,0.9117360100826681
130,2024_07_09 10_24_08 vpaVYg.wav,"May I please have a half portion of the succulent Peking Duck, served with traditional pancakes and hoisin sauce on the side?",May I please have a half portion of the Saturn and Packing Duck served with traditional pancakes and oyster sauce on the side.,0.5063107013702393,0.8472972568435629
131,2024_07_18 08_46_55 82Ybrw.wav,"Could I have a Quesadilla Suiza with freshly diced tomatoes, and also, could you please prepare a Regular Burrito topped with juicy slices of tomato? Thank you!","Could I have a cassandra sweetzer with a fresh with freshly diced tomatoes, and also could you please prepare a regular burrito topped with juicy slices of tomato. Thank you.",0.7582309246063232,0.8858054475771211
132,2024_07_09 10_22_33 KxDo8Q.wav,Can you bring me a Reuben sandwich with extra tomatoes and some spicy chicken wings topped with Linguica?,Can you bring me a ribbed sandwich with extra tomatoes and some spicy chicken wings topped with linguica?,25.530144929885864,0.9515527135221242
133,2024_07_12 03_30_10 EO488g.wav,"""I will have the Super Nachos, one order with Beef Tongue and another with Chile Verde. Thank you.""","I will have the supernachos one order with beef tongue and another with chile verde, thank you.",0.4327821731567383,0.9408383900726974
134,2024_07_11 00_03_28 8PuRBw.wav,"Could I have a turkey sandwich on a raisin nut roll, and also a ham & Swiss with a soft French bun?",Could I have a turkey sandwich on a raisin nut roll and also a ham in Swiss with a soft French bun?,0.4680919647216797,0.9955935052583863
135,2024_07_30 02_07_48 gdSsfw.wav,"Can I have a grilled steak on top of the tostada, please?","Can I have a grilled steak on top of the tostada, please?",0.2919354438781738,0.9999999893973577
136,2024_07_30 01_59_08 ZmjQVw.wav,"""May I order a veggie omelette on wheat bread and also, could you please add an apple to my meal?""","May I order a veggie omelette on wheat bread, and also could you please add an apple to my meal?",0.4133427143096924,1.0
137,2024_07_16 16_38_07 d1RC-w.wav,"Please give me the Swai Meal with a side of Cinnamon Sweet Potato Mash, and could you make sure it's served in a 5-ounce portion? Thank you.",Please give me the soy meal with a side of cinnamon sweet potato mush and could you make sure it's served in a five months potion? Thank you.,0.609778881072998,0.7979253190836542
138,2024_07_11 00_18_57 GSIPpg.wav,Could you please serve me a plate of sweet salami rolls and some spicy Italian sausages? Thank you!,"Yeah, could you please serve me a plate of sweet salami rolls and some spicy Italian sausage? Thank you.",30.504050254821777,0.9915931875779087
139,2024_07_09 18_58_30 Rx4fng.wav,"Can you bring me a delicious Patty Melt with Garlic-Oregano Fries on the side, and also add a Super Quesadilla topped with Al Pastor and BBQ Pork? Thank you!","Can you bring me a delicious patty melt with garlic oregano fries on the side, and also add a super quesadilla topped with al pastor and barbecue pork?",0.6314144134521484,0.9750666777798277
140,2024_07_09 10_28_07 VVRAyw.wav,"Could you please serve me a Surf 'n Turf dish, prepared with quinoa and weighing approximately 7 oz? Thank you.","Could you serve me a span? Class name is equal to variable, surf and turf span, dish span, class name is equal to variable prepared with quinoa span and weighing approximately seven ounce, thank you.",0.8384573459625244,0.831903820294643
141,2024_07_24 00_55_23 1qE6Dw.wav,Could I have a pastrami sandwich without any mayo?,Can I have pasta rami sandwich without any meal?,0.3043663501739502,0.7841815303902209
142,2024_07_11 01_07_46 TBMNDg.wav,"Could I please have two swai meals, one served with a side of steamed white rice and the other with steamed brown rice, both portions being 7 oz? Thank you.","Could I please have two sue meals, one served with a side of steamed white rice and the other with steamed brown rice, both portions being seven ounces. Thank you.",0.6356604099273682,0.9619529925027852
143,2024_07_18 08_45_56 lfuq3A.wav,"I would like to try a classic hot dog served with a refreshing side of root beer, please.","I would like to try a classic hot dog served with a refreshing side of root beer, please.",0.4005937576293945,1.0
144,2024_07_30 02_09_44 -ZuUgA.wav,"May I get a Veggie Scramble served with Grilled Homestyle Potatoes, please?","May I get a veggie scramble served with grilled home style potatoes, please?",30.428022146224976,0.9952280940928195
145,2024_07_15 06_59_58 ahkaKg.wav,"May I please have a full serving of Peking Duck and also, could you bring me a 12oz Cookies & Cream dessert? Thank you.",May I please have a full serve of peking duck and also I will to bring me a twelve ounce cookie and cream dessert. Thank you.,5.526378631591797,0.9837795299888954
146,2024_07_09 10_24_32 TfHqVA.wav,"I'm sorry for any confusion, but it seems there might be a mix-up in the items and modifiers you provided. Pastrami is typically a type of cured meat often served on rye bread or as part of sandwiches, while chocolate chips are usually associated with desserts like cookies or brownies. Could I assist you by suggesting a pastrami sandwich instead? If so, would you prefer it toasted or untoasted and what type of bread do you fancy – rye, whole wheat, or something else?","I'm sorry for any confusion but it seems that there might be a mix up in the items and modifiers you provided. Pastrami is typically a type of cured meat often served with rye bread or as part of sandwiches while chocolate chips are usually associated with desserts like cookies or brownies. Could I assist you by suggesting a pastrami sandwich instead? If so, would you prefer it toasted or untoasted and what type of bread do you fancy? Rye, whole wheat or something else?",2.049215078353882,0.9991249912192651
147,2024_07_09 13_00_27 YGzLRw.wav,"Do you have a Fanta Orange Soda? I would like to order two liters of it, please. Thank you!","Do you have a fenta orange soda? I would like to order two liters of it, please. Thank you.",0.4255766868591308,0.9221444884421246
148,2024_07_08 06_39_04 deIDFQ.wav,"I would like to order a delicious hamburger served on a warm, crispy sourdough toast and accompanied by some golden-brown curly fries.","I would like to order a delicious hamburger, served on a warm, crispy sourdough toast and accompanied by some golden brown curry fries.",0.5325837135314941,0.9726275189056823
149,2024_07_08 05_53_44 d25glQ.wav,"""I would love to start off with the Antipasto Salad, but could you please dress it lightly with some high-quality olive oil?""","I would love to start off with the antipasto salad, but could you please dress it lightly with some high quality olive oil?",0.515718936920166,0.9921859998588325
150,2024_07_09 10_03_09 xS07wA.wav,"I will take a regular burrito with black beans on the side, please.","I will take a regular burrito with black beans on the side, please.",0.3991234302520752,1.0
151,2024_07_24 06_23_40 dptYyQ.wav,"Can you bring me a refreshing glass of orange soda and a fizzy cherry Coke, please? Thank you!","Can you bring me a refreshing glass of orange soda and a fizzy cherry coke, please? Thank you.",0.4133005142211914,1.0
152,2024_07_09 09_38_26 cq7HXA.wav,"I need a Patty Melt with a side of fries and another one with a side of mayonnaise, please.","I need a patty melt with a side of fries and another one with a side of mayonnaise, please.",0.3906779289245605,0.9999999933390435
153,2024_07_15 19_38_36 Lop3Pg.wav,"I will have the Huevos Rancheros, but could you please add a side of creamy cottage cheese to it? Thank you.","I will have the Juvenos rancheros, but would you please add a side of creamy cottage cheese to it, thank you.",0.4687459468841553,0.9412272618024222
154,2024_07_11 00_22_29 hWLveg.wav,"I would like to start with a Build Your Own Poke Bowl featuring fresh salmon, and for my main course, I would love the Original Sandwich Combo but without any dipping sauce. Thank you!",I would like to start with a build your own poke bowl featuring fresh salmon. For my main course I would love the original sandwich combo but without any dipping sauce. Thank you.,0.7249574661254883,0.9968798638198895
155,2024_07_11 00_43_19 omg7gw.wav,"Can I have a New York Steak served with the Soup of the Day, and an Italian Sausage on Light Rye Bread?",Can I have a New York steak served with the soup of the day and the Italian sausage on light rye bread?,0.4264881610870361,0.9988685727904045
156,2024_07_11 00_23_17 bHgsmw.wav,"""I need a large house salad, please.""","I need a large house salad, please.",0.3106682300567627,0.9999999819330094
157,2024_07_09 10_25_01 AntQCg.wav,"Can I have a refreshing real fruit shake? No modifiers, please. Just the natural flavors of fresh fruits blended to perfection. Thank you!","Can I have a refreshing real fruit shake? No modified space, just natural flavors of fresh fruits blended to perfection. Thank you.",0.5261402130126953,0.9762539046820256
158,2024_07_11 00_34_50 Cumg-g.wav,"I would appreciate a delicious Patty Melt accompanied by a fresh, crisp salad on the side. Additionally, I would like to order your signature Cali Burger with a generous serving of golden-brown fries alongside it. Thank you!","I would appreciate a delicious patty melt accompanied by a fresh crisp salad on the side. Additionally, I would like to order your signature cali burger with a generous serving of golden brown fries alongside.",0.7746827602386475,0.9912059139614929
159,2024_07_14 06_41_16 bOixvA.wav,"""I would appreciate a warm, comforting cup of masala chai served in a traditional clay pot and for my main course, I would like to have the grilled ham and cheese sandwich with no additional modifiers. Thank you.""","I would appreciate a warm comforting cup of masala shayk served in a traditional clay pot, and for my main course I would like to have a grilled ham or cheese sandwich with no additional modifier. Thank you.",0.8401162624359131,0.9633998359458754
160,2024_07_15 18_10_44 VsE5SQ.wav,Please give me a New York Steak served with a side salad that includes blue cheese dressing on the side. Thank you!,Please give me a New York steak served with a side salad that includes blue cheese dressing on the side. Thank you.,0.4722237586975097,0.9999999949515945
161,2024_07_16 16_40_28 G5JuUw.wav,I would like to order a Parmigiana Sandwich along with a bowl of Minestrone Soup as my side. Thank you!,"I would like to order a parmigiano sandwich along with a bowl of minestrone soup as my side, thank you.",5.487846612930298,0.9985155431300164
162,2024_07_14 21_02_39 5BAVrg.wav,"I would like to try a BLT sandwich, and could I also get a refreshing glass of homemade lemonade with it?","I would like a triabeel tea sandwich, and could I also get a refreshing glass of homemade lemonade with it?",0.4697413444519043,0.8767230697674071
163,2024_06_28 11_48_27 sdgfoA.wav,"Could I get the Triple Chocolate, and Single Tender with Lite Mild?",Could I get the triple chocolate and single tender with light mild?,25.37233805656433,0.9842078405275053
164,2024_07_11 00_44_01 2HalhA.wav,"I would like to order a Parmigiana Sandwich, and could I also get it served with a side salad without any dressing?",I would like to order a Parmesan sandwich and I could also get it served with a side salad without any dressing.,0.4508233070373535,0.9598860604478274
165,2024_07_09 18_51_33 n4HTsw.wav,"I would like to try a Hawaiian Pizza on a pan crust, please.",I would like to try a Hawaiian pizza on a pan crust please.,0.3225536346435547,1.0
166,2024_07_09 10_22_40 pyVIwA.wav,"Can you bring me a plate of chips served with our house-made guacamole and salsa, please?","Could you bring me a plate of chips served with our housemade guacamole and salsa, please?",0.3843209743499756,0.9984992927794207
167,2024_07_30 02_10_18 aHJA4Q.wav,"Could I get a plate of ham and eggs, prepared over-easy? And also, could you please prepare another one without the eggs for me? Thank you.",Could I get a plate of ham and eggs prepared over easy and also could you please prepare another one without the eggs for me? Thank you.,0.5048885345458984,0.9621537376663619
168,2024_07_15 16_16_57 zkfB0A.wav,"Can you bring me a hamburger with all the standard toppings, please?","Can you bring me a hamburger with all the standard toppings, please?",0.3200612068176269,1.0
169,2024_07_09 08_46_07 9yCZUQ.wav,Can I order a turkey sandwich on sourdough bread?,Can I order a turkey sandwich on sorghum bread?,30.34478163719177,0.8677486595625798
170,2024_07_09 10_23_35 5OlVjQ.wav,"I need a Chicken Katsu Plate and a Spicy Mexican Roll, please. No additional modifiers for either dish. Thank you!","I need a chicken cat soup plate and a spicy Mexican roll, please, no additional modifiers for either dish, thank you.",0.5045657157897949,0.9323820193704582
171,2024_07_18 09_36_25 vLTznw.wav,"Do you have a vegetarian pizza in both personal (9-inch) and family (13 by 18 inches) sizes? I would like to order one of each, please.",Do you have a vegetarian pizza in both personal and family sizes? I would like to order one of each please,0.4414806365966797,0.9630665156678878
172,2024_07_09 10_09_35 3MbJSQ.wav,"I need a bowl of miso soup without any utensils, and for my appetizer, I would like a house salad with extra cucumbers on the side. Thank you!","I need a bowl of miso soup without any utensils, and for my appetizer I would like house salad with extra cucumbers on the side. Thank you.",0.5457096099853516,0.9992510528881635
173,2024_07_11 00_07_05 ONDPWA.wav,"I want to order a Super Quesadilla with Carne Asada, which is grilled steak. Could you please make sure it's well-seasoned and served hot? Thank you!","I want to order a super quesadilla with carne asada, which is grilled steak. Could you please make sure it is well seasoned and served hot? Thank you.",0.5755658149719238,0.981337424106753
174,2024_06_28 11_46_49 lAEoOQ.wav,"Can I get the Peking Duck with Half, and Vegetable Deluxe with Light Seasoning Sauce?",Can I get the packing duck with half and vegetable delikes with light seasoned sauce?,0.3679404258728027,0.9035528605105685
175,2024_06_28 11_13_25 5sY1bA.wav,"I would like to get a Jeera Rice, and Masala Chai.",I would like to get a jira rice and masala jet.,30.327713012695312,0.8656582943551941
176,2024_07_09 10_06_59 k71-9Q.wav,"Could I get a classic breakfast, one served over hard and another served over easy?","Could I get a classic breakfast, one served over hard and another served over easy?",0.3744301795959472,0.9999999827397947
177,2024_07_24 12_53_18 2R8bWw.wav,"I would love to order a 12-inch Margherita Pizza on a gluten-free crust, please. Thank you!",I would love to order a twelve inch margarita pizza on a gluten free crust please. Thank you.,5.448036432266235,0.9394476819407812
178,2024_07_09 10_23_54 pRLWNA.wav,I want to order a Surf 'n Turf dish with peas and an 8-ounce Pomodoro Rice Bowl.,I want to order a serpentine dish with peas and an eight ounce Pomodoro rice bowl.,0.3696277141571045,0.8769034114374926
179,2024_07_12 03_33_26 9dY6uw.wav,"I would like to order a Reuben sandwich served with a side of creamy mocha cold brew, and also could I get a cup of the soup of the day? Thank you.","I would like to order a Reuben sandwich served with a side of creamy mocha cold brew and also could I get a cup of the soup of the day, thank you.",0.6006467342376709,0.999999985514316
180,2024_07_11 00_35_22 56fXlw.wav,"Can I have the Chettinad Chicken Curry served with a side of warm, freshly baked naan bread?",Can I have the Chatenot Chicken Curry served with a side of warm freshly baked non bread?,0.4188001155853271,0.9046080364144232
181,2024_07_18 04_59_00 9nQTLA.wav,Do you have a Chicken Teriyaki served over a bed of spicy Chili Beans? I would love to try that combination.,"Do you have a chicken teriyaki served over a bed of spicy chili beans, I would love to try that combination",0.5172808170318604,0.9999999890233583
182,2024_07_09 18_51_06 Nv49Zw.wav,"Please give me a serving of inari sushi and some wakame salad, both without any additional modifiers. Thank you!","Please give me a serving of Inori sushi and some Wakami salad, both without any additional modifiers. Thank you.",0.455601692199707,0.9770612816014171
183,2024_07_13 20_44_12 KDXwiA.wav,"Please give me a slice of gluten-free pastrami on rye bread, if available.",Please give me a slice of gluten free pastrami on rye bread if available.,0.3715517520904541,0.9969997968466342
184,2024_07_11 00_53_01 hGI1Bw.wav,"Can I have a chimichanga filled with shredded chicken and a Jarritos orange soda, please?","Can I have a chimichanga filled with shredded chicken and a harito orange soda, please?",0.4065837860107422,0.9735380858054423
185,2024_07_09 10_02_11 vWrRAg.wav,"""I would appreciate a Plant-Based Nuggets Meal served with 5 oz of steamed white rice on the side, please.""","I would appreciate a plant based nuggets meal served with five wands of streamed rice on the side, please.",0.4344685077667236,0.9545942911897721
186,2024_07_09 12_56_28 GIpcPA.wav,"""I need a Quesadilla Suiza with Shrimp and another one with Lengua, please.""",I need a quesadilla sousa with shrimp and another with lingo please.,0.3389909267425537,0.9321019354830823
187,2024_07_08 05_07_49 urlrgw.wav,"I would appreciate a Reuben sandwich served with crispy fries on the side, and also could I get another one of those but paired with a fresh garden salad instead? Thank you.","I would appreciate a ribbon sandwich served with crispy fries on the side, and also could I get another one of those but paired with a fresh garden salad instead?",0.6688864231109619,0.9298936995787125
188,2024_07_18 09_40_44 prkanA.wav,"I want to order the Surf 'n Turf, but could you please add a side of shredded hash on the side? Thank you.","I want to order the surf and tuff, but could you please add a side of shredded hash on the side? Thank you.",0.414292573928833,0.9516868689526505
189,2024_07_11 00_18_40 -3l7GQ.wav,"May I please have the spicy chicken wings, but could you add some chorizo to them for an extra kick? Thank you!","May I please have spicy chicken remains, but could you add some torresso to them for an extra kit? Thank you.",0.4224424362182617,0.8610879879885297
190,2024_07_15 19_49_27 Uxj29w.wav,"Could I get a Parmigiana Sandwich with a side salad dressed in Thousand Island, and also another one of the same but with Caesar Dressing on the side?","Could I get a parmigiana sandwich with a side salad dressed in Thousand Island, and also another one of the same but with Caesar dressing on the side?",0.5525314807891846,0.9999999906338365
191,2024_07_18 21_15_23 lFEYow.wav,"Could I get a B.L.T. on a bagel with cream cheese, please?","Could I get a beetle tea and a bagel with cream cheese, please?",0.3283979892730713,0.8196633197606878
192,2024_07_11 00_19_35 h6HJvQ.wav,"I want to order a delicious Chicken Teriyaki served with a side of perfectly baked potato, please.",I want to order a delicious chicken teriyaki served with a side of perfectly baked potato peas.,0.4130396842956543,0.9611259509828672
193,2024_07_01 11_36_02 _6Lacg.wav,"Add a Chimichanga with Pastor, and Street Taco Trio (3) to my cart.",Add A Chimichanga with Pastor and Street Taco Trio three to my card.,5.378114461898804,0.9235830153488654
194,2024_07_30 01_58_50 3GKZDA.wav,"Could I get a veggie omelette on the side of multigrain toast, and also a cheese omelette with a serving of crispy hash browns?","Could I get a veggie omelet on the side of a multi green toast, and also a cheese omelet with a serving of crispy hash browns?",25.58026885986328,0.9866770733697274
195,2024_07_10 07_26_02 2ZBeSQ.wav,"Could I have a California Roll and Hamachi Kama, please? No additional modifiers needed. Thank you!","Could I have a California roll and a hamachi kama, please? No additional modifiers needed, thank you.",0.4364128112792969,0.9935972924117719
196,2024_07_15 16_28_59 JxfXXA.wav,"Do you have the Surf 'n Turf served with a side of black beans, and also can I get another portion of Surf 'n Turf but this time accompanied by a 6-ounce serving of quinoa?","Do you have a serf and turf served with a side of black beans? And also can I get another portion of serf and turf, but this time accompanied by a six ounce serving of quinoa?",0.66428542137146,0.873683450453208
197,2024_07_11 00_44_51 RAUmpg.wav,"I want to order the Swai Meal served with a fresh and colorful vegetable medley, please.","Can I please have a cheeseburger with extra onions, no tomatoes, and ranch on the side? And can I please have an extra patty with my burger?",0.6192700862884521,0.6514143714692133
198,2024_07_30 02_03_50 itWUcQ.wav,"Can I have a veggie scramble served with whole wheat toast, please?",Can I have a veggie scramble served with whole wheat toast please?,0.3348934650421142,1.0
199,2024_07_12 03_22_51 spIQcQ.wav,"""I would appreciate a classic breakfast with the modification of having my eggs prepared as whites only, please.""","I would appreciate a classic breakfast with the modification of having my eggs prepared as whites only, please.",0.4402918815612793,0.9999999889502076
200,2024_07_30 02_04_17 Uuq_nQ.wav,"I will have the Super Nachos topped with some delicious, grilled fish for a unique twist on a classic dish.",I will have the supernaturals topped with some delicious grilled fish for a unique twist on a classic dish.,30.496628284454346,0.8635968780398033
201,2024_07_15 16_22_07 AQvCkQ.wav,"Can I order a classic hamburger served with a side of crispy, seasoned sweet potato fries?",Can I order a classic hamburger served with a side of crispy seasoned sweet potato fries?,0.3896629810333252,1.0
202,2024_07_11 00_08_06 0YOCZQ.wav,"May I order a Turkey sandwich on whole wheat bread and another one on wheat slices, please?","May I order a turkey sandwich on whole wheat bread and another one on whole wheat slices, please?",0.5221903324127197,0.9988901135631536
203,2024_07_09 10_23_31 Be7C1Q.wav,"I would like to try the California Cup Special Soup, please. Thank you!","I would like to try the California Cup special soup, please. Thank you.",0.3182594776153564,1.0
204,2024_07_12 03_41_33 Xhz62g.wav,"Could you please serve me a plate of Linguine Con Cozze, prepared with fresh clams? Thank you.","Could you please serve me a plate of linguini concosa prepared with fresh clams, thank you.",0.3988711833953857,0.9800871904307479
205,2024_07_09 18_52_59 vjylUg.wav,"May I get a plate of tacos topped with fresh, zesty pico de gallo?",May I get a plate of tacos topped with fresh cesti pica de gallo,0.3190963268280029,0.9759242812252692
206,2024_07_09 18_50_41 FoGgcQ.wav,"I would like a Reuben sandwich with a side of fresh fruit salad, please.","I would like a Reuben sandwich with a side of fresh fruit, please.",30.40247321128845,0.9749407290238423
207,2024_06_28 11_49_13 7PzKkg.wav,"Could I get the Sicilian Cannolo with Pistachio, Acqua Panna, and Huevos Rancheros with Sunnyside Up?","Could I get the Sicilian Canolo with Pistachio, Aquapana and Huas Rancorous with Sunnyside Up?",0.4327926635742187,0.9168794282858062
208,2024_07_12 03_37_24 S2UqOA.wav,Could you please serve me a hot dog with some crispy fries on the side? Thank you!,Could you please serve me a hot dog with some crispy fries on the side? Thank you.,0.3442766666412353,0.9999999923725676
209,2024_07_10 09_56_58 qyJcXA.wav,"I would love to order a six-pack of BJ's Oasis Amber beer, please. Could you also bring it with the nano modifier? Thank you!","I would love to order six packs of DJ's OACED amber beer, please. Could you also bring it with nano modifier? Thank you.",5.52213716506958,0.9562080599498086
210,2024_07_08 05_54_14 bYZQTA.wav,"Could I please have a plate of country sausage and eggs, one order scrambled and the other served sunny-side up? Thank you.","Could I please have a plate of country sausage and eggs, one otter scrambled and the other served sunnyside up, thank you.",0.4718337059020996,0.9661559393123166
211,2024_07_30 02_21_12 9s5nrQ.wav,"I would love to start off my meal with a large serving of Old Bay Fries, please. No additional modifiers needed for these perfectly seasoned and crispy potatoes!",I would love to start off my meal with a large serving of old bay fries please. No additional modifiers needed for these perfectly seasoned and crispy potatoes.,0.5611937046051025,0.9999999876581553
212,2024_07_11 00_33_30 anKaOw.wav,"""May I order a plate of ham and eggs without any sides, along with a Denver omelet also served without any sides?""","May I order a plate of ham and eggs without any sides, along with a Denver omelette also served without any sides?",0.5225059986114502,0.9984672753934731
213,2024_07_09 13_00_53 op4ldQ.wav,"""I would like to try the Veggie Skillet, but could you please prepare it with egg whites instead of whole eggs?""","I would like to try the veggie skillet, but could you please prepare it with egg whites instead of whole eggs?",0.4423768520355224,0.9999999951847721
214,2024_07_09 18_57_26 C2DnDA.wav,Can you bring me a plate of super nachos loaded with fresh vegetables?,Can you bring me a plate of supernachos loaded with fresh vegetables?,0.3300423622131347,0.9163111444342451
215,2024_07_09 10_31_47 X_0Dbg.wav,"I want to order a plate of spicy chicken wings, one with BBQ sauce and another with a tangy pineapple glaze.","I want to order a plate of spicy chicken wings, one with barbecue sauce, and another with a tangy pineapple glaze.",0.4506518840789795,0.9943612676679273
216,2024_07_09 09_53_48 r9nxbw.wav,"""Could you please serve me a delicious pastrami sandwich topped with melted cheese?""",Could you please serve me a delicious pastrami sandwich topped with melted cheese?,0.3549072742462158,1.0
217,2024_07_09 10_41_19 FyCVdg.wav,"May I please have a plate of ham and eggs, prepared with just the egg whites, or alternatively made into an omelette? Thank you.","May I please have a plate of ham and eggs prepared with just the egg whites, all alternatively made into an omelette, thank you.",0.5146520137786865,0.9947437812357567
218,2024_07_08 04_22_02 GfYKiQ.wav,Could you please serve me a chimichanga filled with succulent shredded beef and another one stuffed with spicy chile relleno? Thank you!,Could you please serve me a chimichanga filled with succulent shredded beef and another one stuffed with spicy chirrellano? Thank you.,0.5666873455047607,0.9888473189860586
219,2024_07_08 06_26_58 6B-KMg.wav,"Can you bring me a California burger with onion rings and also, could I have a small wedge of the same as an appetizer?","Can you bring me a California burger with onion rings, and also, would I have a small wedge of the same as an appetizer",0.4602072238922119,0.9971360696473992
220,2024_07_08 06_22_51 4-GR1w.wav,"I would like to order a buffalo chicken sandwich served over a fresh salad, and also could I get a small portion of garlic bread with cheese on the side?","I would like to order a buffalo chicken sandwich served over a fresh salad, and also could I get a small portion of garlic bread with cheese on the side",0.5517621040344238,0.9999999830151023
221,2024_07_11 00_52_11 gUWQfA.wav,"""I need a B.L.T. sandwich served with a side of yogurt parfait, and also could you please add some spicy 'angry' potatoes to my order?""",I need a BLT sandwich served with a side of yogurt parfait and also could you please add some spicy angry potatoes to my order.,0.5424396991729736,0.9999999972062825
222,2024_07_07 17_28_07 i-NOcQ.wav,"I would like to try three Sopes Con Arroz Y Frijoles, please. Could you add the Pastor as a modifier for me? Thank you!","I would like to try three soups with arroyo vivrijolis, please. Could you add the pastor as a modifier for me? Thank you.",0.4849452972412109,0.8704909787091318
223,2024_07_13 20_40_43 bZTPKg.wav,"May I order a Classic Tender Box with three classic chicken tenders, please?","May I order a classic tender box with free classic chicken tenders, please?",0.3391096591949463,0.9552148398737599
224,2024_07_09 10_26_34 XpWrZA.wav,"I will take the gnocchi with a creamy Gorgonzola cheese sauce and some boneless wings in Tatonka® Stout Buffalo sauce, please.",I will take a nachi with a creamy gorgonzola cheese sauce and some boneless wings in tatonka stout buffalo sauce please.,0.5670924186706543,0.9054510790036487
225,2024_07_11 00_54_51 ECkI9w.wav,"I would appreciate a Veggie Scramble served with Home Fried Potatoes, please. Thank you!","I would appreciate a veggie scramble served with home fried potatoes, please. Thank you.",5.402206182479858,0.9999999895848404
226,2024_07_30 02_19_40 i8ychg.wav,"I would love to order a plate of super nachos with a generous helping of red sauce and goat cheese, along with a refreshing chef's salad drizzled in creamy ranch dressing. Thank you!","I would love to order a plate of super nachos with a generous helping of red sauce and goat cheese, along with a refreshing chef's salad drizzled in creamy ranch dressing. Thank you.",0.6323046684265137,1.0
227,2024_07_23 15_04_18 DkLyxw.wav,May I please have a cheeseburger with extra mayo on the side?,May I please have a cheeseburger with extra mayo on the side.,0.3102853298187256,1.0
228,2024_07_12 03_37_08 tLbT2g.wav,I would like to order a turkey sandwich with cucumber and another one with potato salad on the side.,I would like to order a turkey sandwich with cucumber and another one with potato salad on the side.,0.4038240909576416,0.9999999835914575
229,2024_07_14 21_02_14 1e8kaw.wav,"May I order a B.L.T. sandwich with extra cheese and a side of creamy, savory cheese grits?",May I order beef tea sandwich with extra cheese and a side of creamy savoury cheese grins?,0.413193941116333,0.8471140097206161
230,2024_07_09 10_07_18 LAX_Pg.wav,Could you please serve me a Reuben sandwich on a freshly toasted bagel? Thank you!,Could you please serve me a Ruben sandwich on a freshly toasted bagel? Thank you.,0.3679394721984863,0.955408355380152
231,2024_07_24 06_20_49 Ug68rw.wav,"I would appreciate a Denver Omelet on sourdough toast, and also one on whole-wheat toast. Thank you!","I would appreciate a Denver omelette on sardo toast, and also one on whole wheat toast, thank you.",30.487722635269165,0.9596960925066745
232,2024_07_11 00_35_34 s_VsGQ.wav,Can you bring me a delicious hamburger topped with a sweet and gooey banana-Nutella crepe?,Can you bring me a delicious hamburger topped with a sweet and gooey banana nutella crape,0.4116649627685547,0.9550390251257234
233,2024_07_15 19_45_44 1aeUOQ.wav,"May I please have a Parmigiana Sandwich made with succulent chicken breast, and also, could you prepare the Grilled Salmon topped with rich garlic butter? Thank you.",May I please have a Parmigiana sandwich made with succulent chicken breasts and also could you prepare the grilled salmon top with rich garlic butter? Thank you.,0.581019401550293,0.9931366995429776
234,2024_07_09 09_28_51 Z5wUqw.wav,"I need a Tostada with Green Chile Pork and a Mixed Grill served with Fries, Chili-Lime style.",I need a tostada with green chili pork and mixed grill served with fries chili lime style.,0.3924298286437988,0.987587762093821
235,2024_07_25 12_58_11 UqgYkg.wav,Can you bring me a cheeseburger with fried zucchini on the side?,Can you bring me a cheeseburger with fried zucchini on the side,0.307797908782959,1.0
236,2024_07_12 03_23_43 ZiK-nA.wav,"Please give me a Crushed Soda and also, I would like to have a Pepsi as well. Thank you!","Please give me a crushed soda and also, I would like to have a Pepsi as well, thank you.",0.4454810619354248,0.9999999980590448
237,2024_07_30 02_09_24 8xBc0A.wav,"I would appreciate a Coke Classic and a Fanta Orange to accompany my meal, please.","I would appreciate a Coke classic and a Fanta Orange to accompany my meal, please.",30.42998075485229,1.0
238,2024_06_28 11_20_59 UTrvLw.wav,"I'll have the Veggie Scramble with Whole Wheat Toast, and Southern Scramble with Milk - Small please.","I'll have the veggie scramble and wholemeat toast, and southern scramble with milk small please.",0.4113631248474121,0.9879523541582937
239,2024_06_28 11_42_17 B5ptpQ.wav,"It will be the Tender Greens With Oyster Sauce, House Special Beef, and Beef With Snow Peas for me.","It will be the tender greens with oyster sauce, house special beef, and beef with snow peas for me.",0.408153772354126,0.9999999994166071
240,2024_07_11 00_34_17 1NA--g.wav,"May I order a super quesadilla with fried fish and California Benedict with a side of fresh fruit, please?",May I order a super quesadilla with fried fish and a California Benedict with a slice of fresh fruit please?,0.4381778240203857,0.9961138670817825
241,2024_07_11 00_08_02 rz-T7g.wav,"I will have the Veggie Scramble served with Tater-Tots and a Veggie Skillet, please. Could you also make sure to poach the eggs in the skillet so they are nice and soft? Thank you!",I will have a veggie scramble served with tater tots and a veggie skillet please. Could you also make sure to poach the eggs in the skillet so they are nice and soft? Thank you.,5.705567121505737,0.9837006837085718
242,2024_07_10 09_55_14 eqmz2w.wav,"May I order a house salad with Italian dressing, and also one with grilled chicken on top? Thank you.","Lenga, may I order a house salad with Italian dressing, and also one with grilled chicken on top. Thank you.",0.4140279293060303,0.9446546036600091
243,2024_07_15 07_00_32 vHY1XA.wav,"May I please have a mixed grill served with creamy mashed potatoes, and for the side dish, could you add some delicious pastrami topped with American cheese? Thank you.","May I please have a mixed grill served with creamy mashed potatoes, and for a side dish I would like a delicious pastrama top with American cheese. Thank you.",0.642094612121582,0.969539559079962
244,2024_07_30 02_21_43 krStTA.wav,"""Could you serve me a plate of naked tots?""",Could you serve me a plate of naked tots?,0.2384626865386963,0.9999999838782808
245,2024_07_09 19_01_14 rg1IcA.wav,"I would appreciate a Plant-Based Nuggets Meal served with Cinnamon Sweet Potato Mash, 7 oz please.",I would appreciate the plant based nuggets meal served with cinnamon sweet potato mash seven ounces please.,0.427109956741333,0.9845687286396412
246,2024_07_11 00_54_14 sddHdw.wav,"""I will have the spicy chicken wings, please. Can I get them with a topping of green onions and also some fresh garlic for an extra kick?""","I will have the spicy chicken wings, please. Can I get them with a topping of green onions and also some fresh garlic for an extra kick?",0.5455501079559326,0.999999995384439
247,2024_07_14 21_03_51 MnpCHw.wav,"Could I get the mixed grill served with a house salad and drizzled in miso dressing, please?","Could I get a mixed grill served with a house salad and a drizzle in miso dressing, please?",0.3718132972717285,0.9929068330011926
248,2024_07_18 21_14_34 MQBpqg.wav,"""May I order a glass of Acqua Panna? No modifiers, please.""","May I order a glass of Aquapana? No more the fire, please.",0.3380732536315918,0.7745806567280977
249,2024_07_15 16_24_18 OXXUqA.wav,"""I would love to start my day off right with a hearty Southern Scramble accompanied by a refreshing Cold Brew Coffee.""",I would love to start my day off right with a hearty certain scramble accompanied by a refreshing cold brew coffee.,0.5134744644165039,0.9549380263983971
